trade_date,strategy,benchmark
2020-01-02,1.0,1.0
2020-01-03,1.0,0.997589780670041
2020-01-06,1.0,0.9937334297421065
2020-01-07,1.0,1.0014461315979755
2020-01-08,1.0,0.9915642323451433
2020-01-09,1.0,1.0021691973969633
2020-01-10,1.0,1.0019281754639673
2020-01-13,1.0,1.012774162448783
2020-01-14,1.0,1.0084357676548565
2020-01-15,1.0,1.0007230657989878
2020-01-16,1.0,0.9992769342010123
2020-01-17,1.0,1.0004820438659918
2020-01-20,1.0,1.007712701855869
2020-01-21,1.0,0.9893950349481804
2020-01-22,1.0,0.9927693420101229
2020-01-23,1.0,0.9631236442516269
2020-02-03,1.0,0.8818992528320077
2020-02-04,1.0,0.9086526873945528
2020-02-05,1.0,0.9175704989154013
2020-02-06,1.0,0.9392624728850325
2020-02-07,1.0,0.9370932754880694
2020-02-10,1.0,0.9402265606170161
2020-02-11,1.0,0.9503494818028441
2020-02-12,1.0,0.9570980959267293
2020-02-13,1.0,0.9520366353338154
2020-02-14,1.0,0.9585442275247047
2020-02-17,1.0,0.9795131356953483
2020-02-18,1.0,0.9734875873704506
2020-02-19,1.0,0.9737286093034466
2020-02-20,1.0,0.9956616052060738
2020-02-21,1.0,0.9990359122680162
2020-02-24,1.0,0.9910821884791516
2020-02-25,1.0,0.9891540130151844
2020-02-26,1.0,0.9809592672933237
2020-02-27,1.0,0.9812002892263195
2020-02-28,1.0,0.947939262472885
2020-03-02,1.0,0.982405398891299
2020-03-03,1.0,0.9816823330923115
2020-03-04,1.0,0.9886719691491926
2020-03-05,1.0,1.0122921185827911
2020-03-06,1.0,0.9932513858761148
2020-03-09,1.0,0.9616775126536515
2020-03-10,1.0,0.982887442757291
2020-03-11,1.0,0.9667389732465654
2020-03-12,1.0,0.9515545914678235
2020-03-13,1.0,0.9373342974210652
2020-03-16,1.0,0.8980477223427332
2020-03-17,1.0,0.8900939985538684
2020-03-18,1.0,0.8751506387081224
2020-03-19,1.0,0.8667148710532658
2020-03-20,1.0,0.8782839238370692
2020-03-23,1.0,0.8498433357435526
2020-03-24,1.0,0.8703302000482044
2020-03-25,1.0,0.8932272836828151
2020-03-26,1.0,0.8876837792239093
2020-03-27,1.0,0.8917811520848398
2020-03-30,1.0,0.883586406362979
2020-03-31,1.0,0.8843094721619668
2020-04-01,1.0,0.8852735598939504
2020-04-02,1.0,0.8973246565437455
2020-04-03,1.0,0.891058086285852
2020-04-07,1.0,0.9110629067245118
2020-04-08,1.0,0.9074475777295734
2020-04-09,1.0,0.9100988189925283
2020-04-10,1.0,0.9072065557965774
2020-04-13,1.0,0.9021450952036635
2020-04-14,1.0,0.9170884550494095
2020-04-15,1.0,0.9117859725234996
2020-04-16,1.0,0.9122680163894915
2020-04-17,1.0,0.9204627621113521
2020-04-20,1.0,0.9243191130392866
2020-04-21,1.0,0.9146782357194504
2020-04-22,1.0,0.9228729814413112
2020-04-23,1.0,0.9211858279103399
2020-04-24,1.0,0.913473126054471
2020-04-27,1.0,0.9175704989154013
2020-04-28,1.0,0.923355025307303
2020-04-29,1.0,0.9281754639672211
2020-04-30,1.0,0.9419137141479874
2020-05-06,1.0,0.9443239334779465
2020-05-07,1.0,0.9426367799469751
2020-05-08,1.0,0.9527597011328031
2020-05-11,1.0,0.9510725476018318
2020-05-12,1.0,0.9508315256688358
2020-05-13,1.0,0.953000723065799
2020-05-14,1.0,0.9450469992769341
2020-05-15,1.0,0.9404675825500121
2020-05-18,1.0,0.9433598457459629
2020-05-19,1.0,0.9503494818028441
2020-05-20,1.0,0.9464931308749096
2020-05-21,1.0,0.9402265606170161
2020-05-22,1.0,0.9194986743793685
2020-05-25,0.9950876826905188,0.9199807182453603
2020-05-26,1.0066604164204713,0.9310677271631719
2020-05-27,0.9953628968481553,0.9267293323692456
2020-05-28,0.997317583936179,0.9279344420342251
2020-05-29,0.9975275692901497,0.9317907929621596
2020-06-01,1.0134179455850212,0.9563750301277416
2020-06-02,1.0109092715752046,0.9590262713906965
2020-06-03,1.0098954432011407,0.9587852494577007
2020-06-04,1.0093458917837044,0.9592672933236924
2020-06-05,1.0091614625472092,0.9648107977825983
2020-06-08,1.0074702888629703,0.9693902145095205
2020-06-09,1.0107612720969215,0.9758978067004098
2020-06-10,1.0174076630409903,0.9737286093034466
2020-06-11,1.0139894004815122,0.9648107977825983
2020-06-12,1.0152134302977642,0.9672210171125573
2020-06-15,1.0021236662525856,0.9534827669317908
2020-06-16,1.0234495593631285,0.9684261267775367
2020-06-17,1.025676908151328,0.9693902145095205
2020-06-18,1.0319486368607211,0.9768618944323934
2020-06-19,1.034612984534224,0.9893950349481804
2020-06-22,1.034761671818271,0.9903591226801639
2020-06-23,1.0441131986448882,0.9949385394070861
2020-06-24,1.0523549601395694,1.0036153289949385
2020-06-29,1.046842228031943,0.9949385394070861
2020-06-30,1.0516517248949036,1.006989636056881
2020-07-01,1.0634209341742658,1.029645697758496
2020-07-02,1.0683731501524407,1.0532658471920946
2020-07-03,1.0721865370238213,1.074234755362738
2020-07-06,1.0764718473343005,1.153048927452398
2020-07-07,1.0819779594623922,1.1414798746685948
2020-07-08,1.0883079110921015,1.1564232345143408
2020-07-09,1.1067841626634949,1.1742588575560375
2020-07-10,1.1031363348155405,1.153289949385394
2020-07-13,1.114430542844023,1.1773921426849843
2020-07-14,1.1007443380386395,1.1670281995661604
2020-07-15,1.0957283650270662,1.153048927452398
2020-07-16,1.0765052878684238,1.0980959267293324
2020-07-17,1.0877666621479762,1.1099060014461317
2020-07-20,1.1061267388483107,1.1393106772716317
2020-07-21,1.1067894882107105,1.1422029404675824
2020-07-22,1.110936869564356,1.1549771029163654
2020-07-23,1.1102900212704436,1.148710532658472
2020-07-24,1.105266000929766,1.0976138828633406
2020-07-27,1.119365718297968,1.1043624969872259
2020-07-28,1.1075498006320226,1.1127982646420824
2020-07-29,1.1127630537019682,1.1446131597975415
2020-07-30,1.1082142004665585,1.136177392142685
2020-07-31,1.114194787350828,1.1448541817305375
2020-08-03,1.1092526714848332,1.1629308267052303
2020-08-04,1.1124554183896926,1.1638949144372137
2020-08-05,1.1343054381696347,1.1643769583032058
2020-08-06,1.14298226345111,1.1600385635092794
2020-08-07,1.1467843194106273,1.1484695107254759
2020-08-10,1.1359550392803963,1.1523258616534104
2020-08-11,1.117833971942155,1.140997830802603
2020-08-12,1.0690263312455475,1.133285128946734
2020-08-13,1.0829295836752229,1.1296697999517957
2020-08-14,1.0883525534420488,1.1516027958544226
2020-08-17,1.0956822630349896,1.175463967221017
2020-08-18,1.1060434756177706,1.1737768136900457
2020-08-19,1.109903885671636,1.1554591467823572
2020-08-20,1.0969850310609115,1.1431670281995663
2020-08-21,1.0982745404918715,1.1528079055194023
2020-08-24,1.099028376285071,1.1600385635092794
2020-08-25,1.1103478822061348,1.1622077609062424
2020-08-26,1.1083238423226955,1.1479874668594843
2020-08-27,1.1160337855491558,1.1566642564473368
2020-08-28,1.1249184726037673,1.1851048445408532
2020-08-31,1.1350715587197897,1.1747409014220294
2020-09-01,1.1318535626738015,1.18293564714389
2020-09-02,1.1324888477625508,1.1819715594119065
2020-09-03,1.1444215781833678,1.1771511207519885
2020-09-04,1.132366719972211,1.1638949144372137
2020-09-07,1.1377619457673607,1.1405157869366114
2020-09-08,1.1409756817834131,1.146300313328513
2020-09-09,1.125743342436731,1.1195468787659677
2020-09-10,1.124855362859732,1.1205109664979513
2020-09-11,1.138172352930153,1.1291877560858037
2020-09-14,1.1555249082601176,1.1356953482766932
2020-09-15,1.1587392027953451,1.1441311159315497
2020-09-16,1.1454651098121567,1.1373825018076646
2020-09-17,1.141372150231429,1.1303928657507833
2020-09-18,1.1694221360029786,1.1595565196432875
2020-09-21,1.1583183442725167,1.146300313328513
2020-09-22,1.1445540495051103,1.1325620631477464
2020-09-23,1.1392600899791847,1.1359363702096892
2020-09-24,1.1403188818843695,1.1173776813690046
2020-09-25,1.1350249223584443,1.1181007471679922
2020-09-28,1.1445540495051103,1.1205109664979513
2020-09-29,1.1350249223584443,1.1231622077609063
2020-09-30,1.1413776737895551,1.1197879006989635
2020-10-09,1.207022771911032,1.1422029404675824
2020-10-12,1.216551899057698,1.177874186550976
2020-10-13,1.1953760609539956,1.1817305374789104
2020-10-14,1.1932584771436257,1.1759460110870088
2020-10-15,1.1932584771436257,1.173053747891058
2020-10-16,1.2112579395317724,1.1696794408291153
2020-10-19,1.2101991476265874,1.1622077609062424
2020-10-20,1.2133755233421426,1.1694384188961195
2020-10-21,1.2123167314369576,1.1708845504940948
2020-10-22,1.2123167314369576,1.1670281995661604
2020-10-23,1.1974936447643658,1.1535309713183899
2020-10-26,1.1968467147627744,1.1448541817305375
2020-10-27,1.1972042112785817,1.14822848879248
2020-10-28,1.1986204498396635,1.1578693661123163
2020-10-29,1.1881230401701766,1.168474331164136
2020-10-30,1.17701809157741,1.1465413352615088
2020-11-02,1.177635483939314,1.153289949385394
2020-11-03,1.193127287436472,1.1655820679681852
2020-11-04,1.1967594074443841,1.1744998794890336
2020-11-05,1.210101395579084,1.192817546396722
2020-11-06,1.2099077293020954,1.1932995902627137
2020-11-09,1.2221423251743992,1.2166787177633165
2020-11-10,1.224399240456035,1.210171125572427
2020-11-11,1.230661703384563,1.1988430947216198
2020-11-12,1.2289772391088698,1.198120028922632
2020-11-13,1.2318707734860113,1.1858279103398408
2020-11-16,1.2373628599224662,1.1986020727886237
2020-11-17,1.2364364891763338,1.1964328753916607
2020-11-18,1.2399598273690298,1.1947457218606894
2020-11-19,1.23981366091642,1.2048686430465172
2020-11-20,1.2513881661586503,1.2084839720414557
2020-11-23,1.2588377478678487,1.2224632441552181
2020-11-24,1.263484254509656,1.2147505422993492
2020-11-25,1.2605968062609065,1.1998071824536032
2020-11-26,1.2656157724078851,1.2014943359845747
2020-11-27,1.2733163233373381,1.2186068932272838
2020-11-30,1.276987654599643,1.2125813449023861
2020-12-01,1.2612396829238366,1.2393347794649314
2020-12-02,1.2526374562443832,1.2366835382019765
2020-12-03,1.2469233317881345,1.2362014943359845
2020-12-04,1.2548601117249003,1.2388527355989394
2020-12-07,1.2517309487754702,1.2282477705471198
2020-12-08,1.2495225409538624,1.2243914196191854
2020-12-09,1.2535779094388457,1.209930103639431
2020-12-10,1.2641147385821836,1.207519884309472
2020-12-11,1.259982270703713,1.1940226560617015
2020-12-14,1.2636330821950927,1.2046276211135214
2020-12-15,1.2584061918639773,1.20824295010846
2020-12-16,1.265700377315489,1.2106531694384188
2020-12-17,1.275750596944081,1.2277657266811282
2020-12-18,1.286202760680796,1.2207760906242469
2020-12-21,1.288049778202571,1.2316220776090625
2020-12-22,1.2642362124742466,1.213063388768378
2020-12-23,1.264541395798242,1.22294528802121
2020-12-24,1.269164862231198,1.22294528802121
2020-12-25,1.2763221084140774,1.2330682092070377
2020-12-28,1.276415978426961,1.2364425162689805
2020-12-29,1.26780099836731,1.232586165341046
2020-12-30,1.2791023390760492,1.2480115690527838
2020-12-31,1.2985816737195275,1.2742829597493373
2021-01-04,1.3120101229028147,1.2856109906001445
2021-01-05,1.3163406105889401,1.3094721619667389
2021-01-06,1.3227301319197875,1.3212822366835382
2021-01-07,1.3154896500888134,1.349481802844059
2021-01-08,1.3116194787714353,1.3427331887201734
2021-01-11,1.299168609478458,1.3275488069414316
2021-01-12,1.306772085721422,1.3661123162207762
2021-01-13,1.324683593952165,1.3608098336948662
2021-01-14,1.3203481189963409,1.3359845745962884
2021-01-15,1.3203724895338844,1.3318872017353578
2021-01-18,1.315390720160471,1.328753916606411
2021-01-19,1.3251386025679375,1.3106772716317183
2021-01-20,1.3228449831779452,1.3179079296215956
2021-01-21,1.3457811770778665,1.3405639913232106
2021-01-22,1.33890031890789,1.3412870571221982
2021-01-25,1.340085898689089,1.3571945046999276
2021-01-26,1.3331630691394363,1.3282718727404195
2021-01-27,1.3465143627859122,1.3306820920703784
2021-01-28,1.323358515585815,1.2979031091829356
2021-01-29,1.3224746027664114,1.2889852976620872
2021-02-01,1.3133921898542107,1.304169679440829
2021-02-02,1.3354075860670298,1.3234514340805013
2021-02-03,1.350470751896853,1.322005302482526
2021-02-04,1.3498913993649366,1.319354061219571
2021-02-05,1.3724861481096717,1.3212822366835382
2021-02-08,1.3730655006415882,1.3386358158592433
2021-02-09,1.3811764360884158,1.3718968426126779
2021-02-10,1.3800177310245834,1.3996143649072066
2021-02-18,1.3817557886203322,1.3892504217883828
2021-02-19,1.3777003208969185,1.3969631236442517
2021-02-22,1.410287464909269,1.3470715835140998
2021-02-23,1.399130036457139,1.3434562545191613
2021-02-24,1.384591719033951,1.3080260303687634
2021-02-25,1.4194902577507882,1.3203181489515545
2021-02-26,1.3816112636052063,1.284405880935165
2021-03-01,1.3793704940873421,1.3058568329718006
2021-03-02,1.3670949079146488,1.2892263195950833
2021-03-03,1.3831915772534107,1.314533622559653
2021-03-04,1.3530912078027526,1.2742829597493373
2021-03-05,1.3437742605003156,1.2692214991564232
2021-03-08,1.352568842514288,1.2243914196191854
2021-03-09,1.3594912577356748,1.2000482043865992
2021-03-10,1.3548294617366976,1.2051096649795132
2021-03-11,1.391949070427123,1.2362014943359845
2021-03-12,1.3847822422214704,1.2393347794649314
2021-03-15,1.3895725820918576,1.2147505422993492
2021-03-16,1.3722300225649704,1.2227042660882141
2021-03-17,1.3765656624466922,1.2282477705471198
2021-03-18,1.3722300225649704,1.237888647866956
2021-03-19,1.360307012890235,1.2043865991805254
2021-03-22,1.3589473856909442,1.218124849361292
2021-03-23,1.3651629454591774,1.2072788623764763
2021-03-24,1.3561221312508385,1.1889611954687875
2021-03-25,1.3555570803628174,1.1879971077368041
2021-03-26,1.3708134543393895,1.213063388768378
2021-03-29,1.3727003324569584,1.215473608098337
2021-03-30,1.363417620943368,1.2260785731501567
2021-03-31,1.3508400609566367,1.2171607616293083
2021-04-01,1.3738539201790183,1.2321041214750543
2021-04-02,1.3901887282424092,1.2439141961918534
2021-04-06,1.3918470942218417,1.2371655820679681
2021-04-07,1.3998176728415608,1.2287298144131116
2021-04-08,1.3996129791098528,1.2313810556760665
2021-04-09,1.4043205952152762,1.2142684984333576
2021-04-12,1.3952497834059039,1.1940226560617015
2021-04-13,1.3886614301406122,1.1923355025307303
2021-04-14,1.3946532331280739,1.1990841166546156
2021-04-15,1.3993148323425455,1.1923355025307303
2021-04-16,1.4128936105415952,1.1961918534586649
2021-04-19,1.4170589129346023,1.2265606170161485
2021-04-20,1.4169959302737574,1.2246324415521814
2021-04-21,1.408892724676353,1.2275247047481321
2021-04-22,1.4188733956734725,1.2265606170161485
2021-04-23,1.4203195273587124,1.2388527355989394
2021-04-26,1.4227830598524278,1.2234273318872015
2021-04-27,1.4296220609753794,1.2265606170161485
2021-04-28,1.416890896429777,1.2357194504699927
2021-04-29,1.4165030881284149,1.2468064593878043
2021-04-30,1.411059718594276,1.2359604724029887
2021-05-06,1.4301306453256504,1.2198120028922632
2021-05-07,1.4484156087109858,1.2051096649795132
2021-05-10,1.4616161137590142,1.2048686430465172
2021-05-11,1.4474184499155651,1.2111352133044109
2021-05-12,1.4639560500351363,1.2186068932272838
2021-05-13,1.4415472228061115,1.205350686912509
2021-05-14,1.428462809374921,1.2357194504699927
2021-05-17,1.4420702580550182,1.2504217883827426
2021-05-18,1.45420002967395,1.2509038322487347
2021-05-19,1.4408828275063443,1.247529525186792
2021-05-20,1.4356670396193167,1.2509038322487347
2021-05-21,1.4253106305576555,1.23764762593396
2021-05-24,1.4226103115846793,1.2443962400578452
2021-05-25,1.4216159405228668,1.2839238370691732
2021-05-26,1.432290760780274,1.2841648590021693
2021-05-27,1.4282532327542055,1.2887442757290914
2021-05-28,1.4276317093536457,1.2851289467341527
2021-05-31,1.4381961769871319,1.2865750783321281
2021-06-01,1.4478185424508874,1.2885032537960954
2021-06-02,1.425367533710959,1.2781393106772716
2021-06-03,1.418576231461362,1.2682574114244396
2021-06-04,1.4019721308276771,1.2762111352133043
2021-06-07,1.4115937055330008,1.2747650036153289
2021-06-08,1.4197065439491792,1.264642082429501
2021-06-09,1.4185745469985713,1.2665702578934683
2021-06-10,1.4148016110368566,1.2747650036153289
2021-06-11,1.4261211933359568,1.2629549288985298
2021-06-15,1.407056888838448,1.2487346348517716
2021-06-16,1.4005633666002208,1.2316220776090625
2021-06-17,1.3927273946975682,1.2342733188720174
2021-06-18,1.3854674595877179,1.2354784285369969
2021-06-21,1.3665701925919382,1.2337912750060256
2021-06-22,1.3925074678961742,1.2400578452639188
2021-06-23,1.4049357456461204,1.247529525186792
2021-06-24,1.4027743060374345,1.2506628103157387
2021-06-25,1.4065568253526357,1.2701855868884067
2021-06-28,1.4092586248634933,1.27235478428537
2021-06-29,1.4097989847656647,1.2593395999035912
2021-06-30,1.413581504080866,1.2668112798264644
2021-07-01,1.4173640233960674,1.2663292359604723
2021-07-02,1.4292519412438418,1.2323451434080501
2021-07-05,1.4368169798742436,1.2340322969390214
2021-07-06,1.439518779385102,1.2357194504699927
2021-07-07,1.4373573397764157,1.2484936129187756
2021-07-08,1.4330344605590428,1.237888647866956
2021-07-09,1.434115180363386,1.2321041214750543
2021-07-12,1.4303458876726725,1.2484936129187756
2021-07-13,1.4361856231966494,1.25234996384671
2021-07-14,1.4373535703014448,1.2386117136659436
2021-07-15,1.4486437256477995,1.2550012051096648
2021-07-16,1.444750568631815,1.242709086526874
2021-07-19,1.439015187584424,1.2480115690527838
2021-07-20,1.4404121263810779,1.244878283923837
2021-07-21,1.4400115164973593,1.2542781393106772
2021-07-22,1.4343632569174865,1.2554832489756567
2021-07-23,1.4351352163112703,1.2429501084598698
2021-07-26,1.4400530011326416,1.2007712701855868
2021-07-27,1.4326792257338474,1.1590744757772957
2021-07-28,1.4425853639023938,1.1614846951072548
2021-07-29,1.4473568482323969,1.1824536032778983
2021-07-30,1.452127149612862,1.1742588575560375
2021-08-02,1.4356141993848937,1.203422511448542
2021-08-03,1.4360043119390746,1.2039045553145336
2021-08-04,1.43912521237252,1.2145095203663532
2021-08-05,1.4375647621557974,1.2072788623764763
2021-08-06,1.4289822859638222,1.203422511448542
2021-08-09,1.391921593316658,1.2166787177633165
2021-08-10,1.3856797924497672,1.230416967944083
2021-08-11,1.3841193422330447,1.2239093757531936
2021-08-12,1.396602943966826,1.2161966738973247
2021-08-13,1.4008941820628136,1.2096890817064354
2021-08-16,1.4125975586882336,1.2089660159074476
2021-08-17,1.427031723192919,1.1819715594119065
2021-08-18,1.4278119483012803,1.1947457218606894
2021-08-19,1.4231305976511124,1.1865509761388287
2021-08-20,1.4274218357470996,1.1648590021691974
2021-08-23,1.424691047867835,1.1822125813449025
2021-08-24,1.435224086830713,1.1947457218606894
2021-08-25,1.427031723192919,1.198120028922632
2021-08-26,1.4219602599885701,1.1776331646179803
2021-08-27,1.4363944244932552,1.180766449746927
2021-08-30,1.4396675436148656,1.1764280549530008
2021-08-31,1.4433235453561044,1.1759460110870088
2021-09-01,1.4422416543860648,1.192817546396722
2021-09-02,1.4396041268647288,1.1918534586647385
2021-09-03,1.4410447498415593,1.1853458664738492
2021-09-06,1.4463646522665021,1.2055917088455048
2021-09-07,1.4429830150187477,1.2207760906242469
2021-09-08,1.429517211220156,1.2157146300313328
2021-09-09,1.4242968523390218,1.215232586165341
2021-09-10,1.430325097893123,1.2270426608821403
2021-09-13,1.4282951982712113,1.2205350686912508
2021-09-14,1.4205543994432959,1.2046276211135214
2021-09-15,1.4185943026453973,1.1918534586647385
2021-09-16,1.415333996407731,1.178356230416968
2021-09-17,1.4135014988755035,1.187756085803808
2021-09-22,1.409329792213479,1.1798023620149432
2021-09-23,1.410875246841222,1.1867919980718247
2021-09-24,1.4077820173573308,1.188479151602796
2021-09-27,1.4007998458327138,1.1961918534586649
2021-09-28,1.3929864325982457,1.1940226560617015
2021-09-29,1.388353328473683,1.1860689322728368
2021-09-30,1.3775909485129645,1.1894432393347794
2021-10-08,1.3719578786532856,1.2065557965774887
2021-10-11,1.3896314269995933,1.2063147746444927
2021-10-12,1.375456787258121,1.1937816341287057
2021-10-13,1.377232758263872,1.2072788623764763
2021-10-14,1.3949303680168057,1.2007712701855868
2021-10-15,1.3872469218615613,1.2065557965774887
2021-10-18,1.429632905857692,1.1925765244637263
2021-10-19,1.4656279086208166,1.2039045553145336
2021-10-20,1.422232873734448,1.200530248252591
2021-10-21,1.408497903736269,1.2058327307785008
2021-10-22,1.393921048317125,1.2137864545673656
2021-10-25,1.3944020187286628,1.217883827428296
2021-10-26,1.390262306036364,1.2137864545673656
2021-10-27,1.37896147034855,1.197879006989636
2021-10-28,1.3759752398167793,1.192817546396722
2021-10-29,1.3801366690597423,1.200530248252591
2021-11-01,1.3785072670735325,1.1966738973246565
2021-11-02,1.382820204501269,1.1841407568088698
2021-11-03,1.380505407741289,1.1793203181489516
2021-11-04,1.3722178722312237,1.190648348999759
2021-11-05,1.3784394368937278,1.1865509761388287
2021-11-08,1.3884048432675065,1.185586888406845
2021-11-09,1.3941628032219684,1.1851048445408532
2021-11-10,1.3906083080943434,1.1790792962159558
2021-11-11,1.4072842459554527,1.198361050855628
2021-11-12,1.4117893846233747,1.197879006989636
2021-11-15,1.410550858363436,1.1964328753916607
2021-11-16,1.4132046593569019,1.195468787659677
2021-11-17,1.4081907895539258,1.195227765726681
2021-11-18,1.4134849655784607,1.1846228006748614
2021-11-19,1.411183320641552,1.197879006989636
2021-11-22,1.3988094918152634,1.2010122921185826
2021-11-23,1.3760686862344123,1.2017353579175705
2021-11-24,1.3644237208398082,1.2043865991805254
2021-11-25,1.36312450810006,1.1998071824536032
2021-11-26,1.367691854518968,1.1896842612677754
2021-11-29,1.3647986705802926,1.1879971077368041
2021-11-30,1.358625529483803,1.1836587129428777
2021-12-01,1.3554171275232065,1.1867919980718247
2021-12-02,1.3514452487212396,1.1892022174017836
2021-12-03,1.3538835038058172,1.2000482043865992
2021-12-06,1.339266197199983,1.1988430947216198
2021-12-07,1.3415597094583112,1.2055917088455048
2021-12-08,1.3436585745320642,1.22294528802121
2021-12-09,1.3549524327081064,1.2431911303928658
2021-12-10,1.3629831553206482,1.2395758013979272
2021-12-13,1.3642040023596262,1.242709086526874
2021-12-14,1.348489633732062,1.235237406604001
2021-12-15,1.3516223077140017,1.2241503976861894
2021-12-16,1.3631679325937047,1.2306579898770789
2021-12-17,1.3794118939760625,1.213063388768378
2021-12-20,1.369701254229065,1.1949867437936852
2021-12-21,1.365177055206013,1.2000482043865992
2021-12-22,1.3776186025194064,1.2007712701855868
2021-12-23,1.4081569459250092,1.209930103639431
2021-12-24,1.4160742942153504,1.2043865991805254
2021-12-27,1.4047322621088956,1.205350686912509
2021-12-28,1.4127829077922751,1.2116172571704025
2021-12-29,1.3984753586266243,1.195468787659677
2021-12-30,1.4072728468480118,1.2041455772475296
2021-12-31,1.4117681114256873,1.2070378404434803
2022-01-04,1.4358697329857875,1.202699445649554
2022-01-05,1.448289941491751,1.1913714147987466
2022-01-06,1.429558259276332,1.177874186550976
2022-01-07,1.4226928607885434,1.180766449746927
2022-01-10,1.4475809986140125,1.1838997348758737
2022-01-11,1.4353878471345376,1.173053747891058
2022-01-12,1.4517481652144961,1.185586888406845
2022-01-13,1.4385508403023712,1.166064111834177
2022-01-14,1.429386699980778,1.1554591467823572
2022-01-17,1.4207330274947034,1.1653410460351892
2022-01-18,1.4198488630088177,1.1764280549530008
2022-01-19,1.4195595459613077,1.1520848397204146
2022-01-20,1.4542233383134389,1.1612436731742588
2022-01-21,1.441122623870437,1.153048927452398
2022-01-24,1.4355461458214502,1.1535309713183899
2022-01-25,1.429878716361925,1.1279826464208242
2022-01-26,1.4358028120376212,1.134249216678718
2022-01-27,1.4153997872679458,1.1147264401060497
2022-01-28,1.412387149230036,1.0976138828633406
2022-02-07,1.4217405124857714,1.1149674620390457
2022-02-08,1.4299881784421806,1.1096649795131357
2022-02-09,1.4366648604068928,1.1190648348999759
2022-02-10,1.4394140823923625,1.116413593637021
2022-02-11,1.4315591624338775,1.1077368040491684
2022-02-14,1.455123922309332,1.0959267293323691
2022-02-15,1.469655524232529,1.1060496505181971
2022-02-16,1.4500182243363173,1.1111111111111112
2022-02-17,1.4633715882657412,1.1135213304410703
2022-02-18,1.4767249521951658,1.119305856832972
2022-02-21,1.4738583842610429,1.1152084839720413
2022-02-22,1.491190716516851,1.1007471679922873
2022-02-23,1.4897103109487477,1.1123162207760906
2022-02-24,1.5244585928344592,1.091829356471439
2022-02-25,1.5073773489718865,1.1002651241262955
2022-02-28,1.495906396293091,1.1017112557242708
2022-03-01,1.5006178140163786,1.1108700891781151
2022-03-02,1.5162986486228731,1.1024343215232586
2022-03-03,1.5127384836118996,1.0954446854663775
2022-03-04,1.5165482535949395,1.0831525668835864
2022-03-07,1.5591805207552412,1.0474813208001927
2022-03-08,1.589802972569529,1.027717522294529
2022-03-09,1.6127881223669671,1.0180766449746927
2022-03-10,1.5513346213924122,1.0325379609544467
2022-03-11,1.5540759893556289,1.0392865750783322
2022-03-14,1.5452333719170965,1.0055435044589056
2022-03-15,1.51170137380299,0.957580139792721
2022-03-16,1.4974995863664275,0.9992769342010123
2022-03-17,1.5168297970439713,1.0195227765726682
2022-03-18,1.5191967616167315,1.0262713906965535
2022-03-21,1.515251820662131,1.024825259098578
2022-03-22,1.5251141730486326,1.0238611713665944
2022-03-23,1.5128848560893708,1.0298867196914918
2022-03-24,1.530637090385074,1.0233791275006026
2022-03-25,1.5412884309624955,1.004820438659918
2022-03-28,1.527481137621393,0.9987948903350206
2022-03-29,1.5184077734258115,0.9944564955410943
2022-03-30,1.514462832471211,1.0241021932995902
2022-03-31,1.5120958678984506,1.0166305133767173
2022-04-01,1.519985749807652,1.0289226319595084
2022-04-06,1.5132793501848303,1.0260303687635575
2022-04-07,1.5160408088530513,1.0134972282477706
2022-04-08,1.5195912557121916,1.0202458423716558
2022-04-11,1.533004054957834,0.9884309472161966
2022-04-12,1.5416829250579556,1.0053024825259098
2022-04-13,1.5487838187762368,0.997589780670041
2022-04-14,1.5507562892535374,1.0081947457218607
2022-04-15,1.555884712494518,1.007712701855869
2022-04-18,1.5649580766901,1.0028922631959507
2022-04-19,1.5527287597308375,0.9963846710050616
2022-04-20,1.533004054957834,0.9795131356953483
2022-04-21,1.5531232538262976,0.9631236442516269
2022-04-22,1.5586461711627386,0.965533863581586
2022-04-25,1.5479948305853168,0.9190166305133768
2022-04-26,1.5345820313396745,0.9117859725234996
2022-04-27,1.5353710195305943,0.9373342974210652
2022-04-28,1.5345820313396745,0.9436008676789588
2022-04-29,1.555095724303598,0.967703060978549
2022-05-05,1.549967301062617,0.9640877319836105
2022-05-06,1.5472058423943966,0.940708604483008
2022-05-09,1.553912242017218,0.932995902627139
2022-05-10,1.5424719132488758,0.9438418896119547
2022-05-11,1.5345820313396745,0.9570980959267293
2022-05-12,1.549572806967157,0.9522776572668112
2022-05-13,1.533793043148754,0.9597493371896844
2022-05-16,1.5191967616167315,0.9522776572668112
2022-05-17,1.5294536080986934,0.9640877319836105
2022-05-18,1.5132793501848305,0.9607134249216679
2022-05-19,1.5188022675212716,0.962882622318631
2022-05-20,1.527481137621393,0.9831284646902867
2022-05-23,1.5286646199077734,0.9754157628344179
2022-05-24,1.5314260785759939,0.9556519643287539
2022-05-25,1.5333985490532942,0.9597493371896844
2022-05-26,1.538921466389735,0.9621595565196432
2022-05-27,1.5452333719170963,0.9645697758496022
2022-05-30,1.532609560862374,0.9701132803085082
2022-05-31,1.5294536080986934,0.9855386840202459
2022-06-01,1.5195912557121916,0.9840925524222705
2022-06-02,1.5294536080986934,0.9867437936852255
2022-06-06,1.5262976553350132,1.0065075921908895
2022-06-07,1.520380243903112,1.007953723788865
2022-06-08,1.527481137621393,1.0180766449746927
2022-06-09,1.5310315844805336,1.009881899252832
2022-06-10,1.5247196789531727,1.0238611713665944
2022-06-13,1.5487838187762368,1.0113280308508072
2022-06-14,1.5207747379985719,1.0209689081706435
2022-06-15,1.5124903619939105,1.0327789828874427
2022-06-16,1.5172242911394314,1.0262713906965535
2022-06-17,1.5282701258123133,1.041455772475295
2022-06-20,1.521958220284952,1.046517233068209
2022-06-21,1.5195912557121916,1.0460351892022173
2022-06-22,1.5184077734258115,1.0339840925524222
2022-06-23,1.520380243903112,1.052060737527115
2022-06-24,1.50972890332569,1.0636297903109184
2022-06-27,1.5199857498076519,1.0751988430947217
2022-06-28,1.51170137380299,1.0877319836105086
2022-06-29,1.5073619387529293,1.0744757772957338
2022-06-30,1.5061784564665492,1.086526873945529
2022-07-01,1.4927656572209067,1.0829115449505906
2022-07-04,1.499472056843728,1.0896601590744757
2022-07-05,1.4978940804618879,1.0872499397445168
2022-07-06,1.4694905055887626,1.0730296456977584
2022-07-07,1.4501602949112193,1.076885996625693
2022-07-08,1.4473988362429988,1.0759219088937093
2022-07-11,1.4473988362429988,1.0576042419860208
2022-07-12,1.4470043421475387,1.0489274523981682
2022-07-13,1.4383254720474172,1.0506146059291395
2022-07-14,1.4387199661428773,1.0508556278621355
2022-07-15,1.4288576137563753,1.0351892022174018
2022-07-18,1.4339860369973563,1.0462762111352133
2022-07-19,1.4308300842336756,1.0409737286093035
2022-07-20,1.431224578329136,1.0438659918052544
2022-07-21,1.419784249560794,1.0330200048204385
2022-07-22,1.4399034484292574,1.0337430706194264
2022-07-25,1.4450318716702382,1.0294046758255
2022-07-26,1.4470043421475387,1.0363943118823813
2022-07-27,1.443453895288398,1.0306097854904797
2022-07-28,1.4584446709158807,1.0313328512894673
2022-07-29,1.4789583638798045,1.017112557242709
2022-08-01,1.476591399307044,1.0214509520366355
2022-08-02,1.488426222170846,1.0043383947939262
2022-08-03,1.4829033048344051,0.9934924078091106
2022-08-04,1.483297798929865,1.0009640877319834
2022-08-05,1.4951326217936673,1.0166305133767173
2022-08-08,1.486848245789006,1.0132562063147745
2022-08-09,1.4935546454118271,1.014943359845746
2022-08-10,1.4967105981755076,1.0040973728609304
2022-08-11,1.4900041985526864,1.0253073029645696
2022-08-12,1.4971050922709674,1.0255483248975656
2022-08-15,1.490502970620703,1.0231381055676068
2022-08-16,1.4907405410924806,1.0207278862376477
2022-08-17,1.4859839674988882,1.0306097854904797
2022-08-18,1.4767313653008547,1.0216919739696313
2022-08-19,1.4784474018301037,1.014461315979754
2022-08-22,1.4832606307849643,1.0209689081706435
2022-08-23,1.5022492900504412,1.017594601108701
2022-08-24,1.5116380684936335,0.9990359122680162
2022-08-25,1.5091789852461022,1.007712701855869
2022-08-26,1.5055613185684418,1.0062665702578935
2022-08-29,1.4917801137092848,1.000241021932996
2022-08-30,1.498116318068018,0.9980718245360328
2022-08-31,1.4882159987574972,0.9980718245360328
2022-09-01,1.4771276411297138,0.9898770788141721
2022-09-02,1.4755435900400304,0.9843335743552662
2022-09-05,1.4822201420088112,0.9838515304892744
2022-09-06,1.4720173907133387,0.9908411665461556
2022-09-07,1.4705188381283318,0.9927693420101229
2022-09-08,1.4730146430163087,0.9884309472161966
2022-09-09,1.4906234873708333,1.0024102193299589
2022-09-13,1.5719999719602769,1.0057845263919016
2022-09-14,1.5648463884701278,0.9946975174740901
2022-09-15,1.5433856379996804,0.9857797059532417
2022-09-16,1.5469624297447548,0.9640877319836105
2022-09-19,1.5477217049909133,0.9614364907206555
2022-09-20,1.5481951557646916,0.9619185345866474
2022-09-21,1.5615247749144217,0.9546878765967702
2022-09-22,1.5599092268187882,0.9476982405398892
2022-09-23,1.5544129165251275,0.9457700650759219
2022-09-26,1.5264255109783733,0.9397445167510243
2022-09-27,1.5353551488786112,0.9517956134008194
2022-09-28,1.5288158872394217,0.9382983851530489
2022-09-29,1.5523867667928692,0.9385394070860449
2022-09-30,1.545625685564763,0.9322728368281513
2022-10-10,1.5551012347568607,0.913232104121475
2022-10-11,1.551835930326925,0.9125090383224873
2022-10-12,1.5559175608643445,0.9274523981682333
2022-10-13,1.5579583761330544,0.9194986743793685
2022-10-14,1.5563257239180865,0.940708604483008
2022-10-17,1.5417105588162447,0.9404675825500121
2022-10-18,1.541215569369017,0.9387804290190407
2022-10-19,1.5377210536265582,0.9245601349722824
2022-10-20,1.5336526208222998,0.9216678717763316
2022-10-21,1.5318290769107752,0.9163653892504218
2022-10-24,1.5500674544715898,0.8927452398168234
2022-10-25,1.5520762317145114,0.888888888888889
2022-10-26,1.5548003074466439,0.8956375030127742
2022-10-27,1.5506753673665916,0.8893709327548807
2022-10-28,1.5499050231273173,0.8686430465172331
2022-10-31,1.543717272879297,0.8592431911303928
2022-11-01,1.5449337561518575,0.8925042178838274
2022-11-02,1.5477722171211654,0.9006989636056881
2022-11-03,1.5429062840309233,0.893468305615811
2022-11-04,1.5425007896067364,0.9240780911062907
2022-11-07,1.5534670442847829,0.9240780911062907
2022-11-08,1.5593263730810234,0.9185345866473849
2022-11-09,1.5829728846877873,0.9088937093275488
2022-11-10,1.5875172279787,0.9038322487346349
2022-11-11,1.5964268287450107,0.9274523981682333
2022-11-14,1.5761579262822427,0.9279344420342251
2022-11-15,1.5841279824717782,0.9460110870089178
2022-11-16,1.5903909582170201,0.9390214509520366
2022-11-17,1.5870715463153147,0.9349240780911063
2022-11-18,1.5801520171879309,0.9317907929621596
2022-11-21,1.5691972669125347,0.9238370691732948
2022-11-22,1.568166109067914,0.923355025307303
2022-11-23,1.5737780868176139,0.9240780911062907
2022-11-24,1.580368249890733,0.9197396963123644
2022-11-25,1.5860495280662943,0.9248011569052784
2022-11-28,1.5815038304841513,0.9139551699204627
2022-11-29,1.5824449462288481,0.9419137141479874
2022-11-30,1.5802610871920688,0.9426367799469751
2022-12-01,1.5886183730580428,0.9534827669317908
2022-12-02,1.5978932305095126,0.947939262472885
2022-12-05,1.588779104731471,0.9650518197155941
2022-12-06,1.5731162223625956,0.9705953241744999
2022-12-07,1.5712617513082832,0.967703060978549
2022-12-08,1.5801538499566306,0.9698722583755122
2022-12-09,1.587658757936106,0.9780670040973728
2022-12-12,1.559727853945507,0.967944082911545
2022-12-13,1.5626931702567863,0.96529284164859
2022-12-14,1.558013635252903,0.967703060978549
2022-12-15,1.5544552556793683,0.9672210171125573
2022-12-16,1.5510518693389967,0.9681851048445409
2022-12-19,1.536021685056165,0.9542058327307785
2022-12-20,1.5409757147919882,0.9390214509520366
2022-12-21,1.5539563192892845,0.9382983851530489
2022-12-22,1.5618161179271064,0.9402265606170161
2022-12-23,1.5619351778261799,0.9378163412870572
2022-12-26,1.562350180473121,0.9399855386840202
2022-12-27,1.5663024956273666,0.9513135695348277
2022-12-28,1.56748819017364,0.948180284405881
2022-12-29,1.5651168010810927,0.9452880212099302
2022-12-30,1.5753928204821304,0.9491443721378646
2023-01-03,1.5757880519975547,0.9517956134008194
2023-01-04,1.5817165247289224,0.953000723065799
2023-01-05,1.5813212932134981,0.9710773680404916
2023-01-06,1.5698595792661871,0.9749337189684261
2023-01-09,1.5840009367088241,0.9809592672933237
2023-01-10,1.5807000761092351,0.982405398891299
2023-01-11,1.5875531782826278,0.982405398891299
2023-01-12,1.5899322517064474,0.9838515304892744
2023-01-13,1.5954896897066209,0.9987948903350206
2023-01-16,1.6010568877551865,0.9985538684020245
2023-01-17,1.6054668642573837,0.997589780670041
2023-01-18,1.6064848260783833,0.9954205832730778
2023-01-19,1.6065735490746982,1.0021691973969633
2023-01-20,1.6140865033985468,1.007712701855869
2023-01-30,1.6214376192048572,1.0134972282477706
2023-01-31,1.6082081454555477,1.0024102193299589
2023-02-01,1.6203575676071478,1.009881899252832
2023-02-02,1.6349883937140823,1.007471679922873
2023-02-03,1.6211311000745396,0.9971077368040491
2023-02-06,1.6017646608906928,0.9833694866232827
2023-02-07,1.5995264594970573,0.9857797059532417
2023-02-08,1.6040125266078797,0.9816823330923115
2023-02-09,1.6040875838721191,0.9946975174740901
2023-02-10,1.5915242760131996,0.9889129910821884
2023-02-13,1.5964207214542274,0.9966256929380574
2023-02-14,1.6104197185060332,0.9987948903350206
2023-02-15,1.6043905753110228,0.9920462762111352
2023-02-16,1.6202217672892516,0.985056640154254
2023-02-17,1.5950648772912337,0.9710773680404916
2023-02-20,1.5976666964163175,0.9963846710050616
2023-02-21,1.5933461087091998,0.997589780670041
2023-02-22,1.5700390735535388,0.9879489033502049
2023-02-23,1.5772145424099,0.9879489033502049
2023-02-24,1.5843576396471224,0.9785490479633646
2023-02-27,1.5736864938913215,0.9749337189684261
2023-02-28,1.5762007724887352,0.9812002892263195
2023-03-01,1.5670790201652456,0.9930103639431188
2023-03-02,1.5484321899316926,0.9918052542781394
2023-03-03,1.5652254889404396,0.9939744516751023
2023-03-06,1.5745564339125961,0.9879489033502049
2023-03-07,1.5765005473203273,0.9742106531694383
2023-03-08,1.5597811720138397,0.9703543022415039
2023-03-09,1.5599797601724612,0.967944082911545
2023-03-10,1.5704696189385121,0.9546878765967702
2023-03-13,1.5815541005865497,0.96529284164859
2023-03-14,1.6013659044934294,0.9592672933236924
2023-03-15,1.6019904719680924,0.9590262713906965
2023-03-16,1.6148033918081113,0.947939262472885
2023-03-17,1.6241352372305922,0.953000723065799
2023-03-20,1.6618893245972766,0.9476982405398892
2023-03-21,1.6518522738680275,0.958062183658713
2023-03-22,1.635405264327252,0.9624005784526392
2023-03-23,1.641259503000613,0.9715594119064834
2023-03-24,1.6503165045704287,0.9703543022415039
2023-03-27,1.6439300841902609,0.96529284164859
2023-03-28,1.6354442865126466,0.9633646661846228
2023-03-29,1.6399541192860227,0.9633646661846228
2023-03-30,1.6456596603403775,0.9737286093034466
2023-03-31,1.6567132155203077,0.9761388286334056
2023-04-03,1.642132809870367,0.9833694866232827
2023-04-04,1.6585130884243062,0.9881899252832007
2023-04-06,1.6738798377895012,0.98529766208725
2023-04-07,1.6744616694566976,0.9922872981441311
2023-04-10,1.6643766985774529,0.9886719691491926
2023-04-11,1.6727360156464395,0.9862617498192334
2023-04-12,1.6756719021608113,0.98529766208725
2023-04-13,1.672800148450411,0.9792721137623523
2023-04-14,1.682527877071052,0.9843335743552662
2023-04-17,1.677443449888998,0.9990359122680162
2023-04-18,1.6741544247897888,1.0007230657989878
2023-04-19,1.6727484248937827,0.9927693420101229
2023-04-20,1.673875114918842,0.9889129910821884
2023-04-21,1.6666633278048852,0.9713183899734876
2023-04-24,1.6632042256864001,0.9590262713906965
2023-04-25,1.675521763910574,0.9544468546637744
2023-04-26,1.675964929298729,0.9522776572668112
2023-04-27,1.6767129672836936,0.9607134249216679
2023-04-28,1.6702337794720776,0.9701132803085082
2023-05-04,1.6986725554792619,0.9701132803085082
2023-05-05,1.7032300953744095,0.9662569293805737
2023-05-08,1.693234461906437,0.9771029163653893
2023-05-09,1.6964351660628108,0.9686671487105327
2023-05-10,1.7024475631166498,0.9611954687876597
2023-05-11,1.7043103999402422,0.9599903591226802
2023-05-12,1.6957703961474433,0.9476982405398892
2023-05-15,1.6997279148195852,0.962882622318631
2023-05-16,1.696197924167966,0.9587852494577007
2023-05-17,1.6926701895873677,0.9522776572668112
2023-05-18,1.6952526307839217,0.9520366353338154
2023-05-19,1.6970187683495501,0.95059050373584
2023-05-22,1.6954179351316985,0.955410942395758
2023-05-23,1.6970903100472428,0.9416726922149916
2023-05-24,1.6914248881945535,0.9288985297662088
2023-05-25,1.6939209201627943,0.9267293323692456
2023-05-26,1.6897932731209881,0.9279344420342251
2023-05-29,1.7354776832491585,0.9240780911062907
2023-05-30,1.74179101989807,0.9250421788382743
2023-05-31,1.731380954028396,0.9163653892504218
2023-06-01,1.731932886706926,0.918293564714389
2023-06-02,1.7473369768254579,0.9310677271631719
2023-06-05,1.7686397671602876,0.9267293323692456
2023-06-06,1.7660402468809686,0.9178115208483971
2023-06-07,1.7730432358607124,0.9149192576524463
2023-06-08,1.7515153488843231,0.9226319595083152
2023-06-09,1.769893692001634,0.9264883104362497
2023-06-12,1.7782734968289622,0.9274523981682333
2023-06-13,1.7963660824415981,0.9344420342251144
2023-06-14,1.7933875924163731,0.9344420342251144
2023-06-15,1.7871237599406835,0.9501084598698482
2023-06-16,1.8006705393986426,0.9590262713906965
2023-06-19,1.8119702462193763,0.9517956134008194
2023-06-20,1.8157421771057318,0.9501084598698482
2023-06-21,1.8233850424315912,0.9368522535550735
2023-06-26,1.8142677663041018,0.9262472885032538
2023-06-27,1.8066993226603316,0.9325138587611473
2023-06-28,1.8068457118541756,0.9344420342251144
2023-06-29,1.8093162305656225,0.9301036394311882
2023-06-30,1.8161514908812038,0.9356471438900941
2023-07-03,1.883001399707942,0.9464931308749096
2023-07-04,1.8647385067559334,0.948180284405881
2023-07-05,1.865029817191803,0.9416726922149916
2023-07-06,1.8635495195412735,0.9349240780911063
2023-07-07,1.8531430632149812,0.9322728368281513
2023-07-10,1.843487736859235,0.9361291877560858
2023-07-11,1.8524521054541097,0.9423957580139793
2023-07-12,1.866071989200758,0.9378163412870572
2023-07-13,1.8743065523941305,0.953000723065799
2023-07-14,1.8773378572152044,0.9525186791998072
2023-07-17,1.8899822684915892,0.9457700650759219
2023-07-18,1.8992259807376082,0.9443239334779465
2023-07-19,1.934922591344061,0.9438418896119547
2023-07-20,1.9260388726245337,0.9370932754880694
2023-07-21,1.9087344218818212,0.9375753193540612
2023-07-24,1.9142882779431054,0.9334779464931309
2023-07-25,1.9219098108054786,0.960472402988672
2023-07-26,1.9291517900342015,0.9583032055917088
2023-07-27,1.9433311078421989,0.9573391178597253
2023-07-28,1.9273878372811233,0.9804772234273318
2023-07-31,1.9349988817576653,0.9843335743552662
2023-08-01,1.947916717784575,0.9799951795613401
2023-08-02,1.9350170044509625,0.9730055435044589
2023-08-03,1.911407160587044,0.9816823330923115
2023-08-04,1.9241336585947195,0.9867437936852255
2023-08-07,1.9084997005829858,0.9792721137623523
2023-08-08,1.9125216540025765,0.9756567847674138
2023-08-09,1.9240011357011944,0.9737286093034466
2023-08-10,1.9155847990454524,0.9749337189684261
2023-08-11,1.9208746691995502,0.9520366353338154
2023-08-14,1.9308551849672029,0.945529043142926
2023-08-15,1.9465178227902806,0.9445649554109424
2023-08-16,1.9439073831531009,0.9373342974210652
2023-08-17,1.9752326587992566,0.9404675825500121
2023-08-18,1.9978564689881466,0.9284164859002169
2023-08-21,2.0387533566372946,0.91588334538443
2023-08-22,1.9769729518907095,0.9214268498433358
2023-08-23,1.9752326587992566,0.908170643528561
2023-08-24,1.9891550035308814,0.9137141479874669
2023-08-25,2.0309220377257557,0.9120269944564955
2023-08-28,2.0298044022830477,0.9248011569052784
2023-08-29,2.0352780321319006,0.9301036394311882
2023-08-30,2.0421200694429675,0.9298626174981923
2023-08-31,2.049874378395509,0.9252832007712701
2023-09-01,2.0475936992918204,0.930826705230176
2023-09-04,2.045993241202373,0.9448059773439382
2023-09-05,2.05150189540287,0.9382983851530489
2023-09-06,2.0560683455007878,0.9358881658230899
2023-09-07,2.056014427089232,0.923114003374307
2023-09-08,2.059148885664554,0.9180525427813931
2023-09-11,2.0622137465542165,0.9248011569052784
2023-09-12,2.0621005316444223,0.9235960472402989
2023-09-13,2.050133303786674,0.9175704989154013
2023-09-14,2.061080984894228,0.9168474331164136
2023-09-15,2.0656037830904244,0.9127500602554832
2023-09-18,2.0471601210314403,0.91588334538443
2023-09-19,2.059971334976927,0.9146782357194504
2023-09-20,2.0715172393053085,0.9103398409255242
2023-09-21,2.0587485254630487,0.9019040732706676
2023-09-22,2.048668742593736,0.9199807182453603
2023-09-25,2.0593496791123678,0.913232104121475
2023-09-26,2.0554745659409095,0.908170643528561
2023-09-27,2.0247695973151774,0.9105808628585201
2023-09-28,1.992515550250559,0.9072065557965774
2023-10-09,1.978062509706147,0.9047963364666185
2023-10-10,1.95141364085084,0.898288744275729
2023-10-11,1.95388625093285,0.9002169197396963
2023-10-12,1.9703742236123796,0.9088937093275488
2023-10-13,1.9787499967510602,0.9004579416726922
2023-10-16,2.002444715103095,0.8900939985538684
2023-10-17,2.011424287816562,0.8929862617498192
2023-10-18,2.030730369150515,0.8862376476259339
2023-10-19,2.0415058564066757,0.8676789587852495
2023-10-20,2.063954788190343,0.8633405639913232
2023-10-23,2.052730322298509,0.8541817305374789
2023-10-24,2.0540772582055293,0.8553868402024584
2023-10-25,2.045995642763409,0.8602072788623765
2023-10-26,2.0608119377406293,0.8633405639913232
2023-10-27,2.0648527454616894,0.8763557483731019
2023-10-30,2.069342531818423,0.8802120993010364
2023-10-31,2.0742812968108297,0.8782839238370692
2023-11-01,2.0666486600043825,0.8778018799710774
2023-11-02,2.0711384463611164,0.873704507110147
2023-11-03,2.0697915104540963,0.8804531212340323
2023-11-06,2.059465001833609,0.8920221740178357
2023-11-07,2.051383386391489,0.8893709327548807
2023-11-08,2.0433017709493693,0.8867196914919258
2023-11-09,2.029832411879169,0.8874427572909135
2023-11-10,2.044648706856389,0.880935165100024
2023-11-13,2.0374650486856156,0.8797300554350446
2023-11-14,2.046444621399082,0.8797300554350446
2023-11-15,2.0549752154768757,0.8857556037599421
2023-11-16,2.046893600034756,0.8770788141720897
2023-11-17,2.052730322298509,0.8758737045071101
2023-11-20,2.026277106644457,0.8785249457700651
2023-11-21,2.042193097971575,0.8797300554350446
2023-11-22,2.032227046801832,0.8703302000482044
2023-11-23,2.0334589603106514,0.8749096167751265
2023-11-24,2.0367762806995633,0.8688840684502289
2023-11-27,2.0310296159848065,0.8630995420583273
2023-11-28,2.03402167134562,0.8640636297903109
2023-11-29,2.031718657905176,0.8575560375994215
2023-11-30,2.030209525353695,0.8585201253314051
2023-12-01,2.03264358750488,0.8551458182694626
2023-12-04,2.0462290569871406,0.8493612918775608
2023-12-05,2.0231463453836955,0.8334538442998313
2023-12-06,2.035035689555075,0.8346589539648108
2023-12-07,2.0247368427944186,0.8324897565678477
2023-12-08,2.038725430992432,0.834176910098819
2023-12-11,2.0224480927826427,0.8399614364907206
2023-12-12,2.0144594893878462,0.8418896119546878
2023-12-13,2.010021376390737,0.8279103398409255
2023-12-14,2.04064435607079,0.8240539889129911
2023-12-15,2.037093865673103,0.8223668353820197
2023-12-18,2.03088050747715,0.8189925283200772
2023-12-19,2.0366500543733923,0.8194745721860689
2023-12-20,2.0433072238690557,0.812002892263196
2023-12-21,2.043751035168767,0.8194745721860689
2023-12-22,2.0535148837624067,0.8209207037840444
2023-12-25,2.0566215628603834,0.8230899011810074
2023-12-26,2.0623911097566254,0.8182694625210895
2023-12-27,2.068160656652867,0.8206796818510484
2023-12-28,2.069048279252289,0.8409255242227043
2023-12-29,2.0628349210563357,0.8433357435526633
2024-01-02,2.0708235244511326,0.8322487346348517
2024-01-03,2.069492090552,0.8298385153048927
2024-01-04,2.0641663549554687,0.8226078573150156
2024-01-05,2.0699359018517103,0.8185104844540853
2024-01-08,2.063722543655758,0.8071824536032779
2024-01-09,2.063278732356047,0.8091106290672452
2024-01-10,2.0552901289612504,0.8052542781393107
2024-01-11,2.0552901289612504,0.8098336948662328
2024-01-12,2.061947298456914,0.8071824536032779
2024-01-15,2.073930203549109,0.8062183658712944
2024-01-16,2.0757054487479523,0.8115208483972042
2024-01-17,2.0552901289612504,0.7934442034225114
2024-01-18,2.0486329594655865,0.7876596770306097
2024-01-19,2.0606158645577812,0.7893468305615811
2024-01-22,2.0526272611629848,0.7727163171848638
2024-01-23,2.055733940260961,0.7780187997107737
2024-01-24,2.053071072462696,0.7903109182935647
2024-01-25,2.043751035168767,0.8038081465413353
2024-01-26,2.0526272611629848,0.8023620149433599
2024-01-29,2.0566215628603834,0.7951313569534827
2024-01-30,2.0623911097566254,0.7816341287057121
2024-01-31,2.06505397755489,0.7765726681127982
2024-02-01,2.0717111470505545,0.7756085803808146
2024-02-02,2.0765930713473746,0.7683779223909376
2024-02-05,2.0606158645577812,0.7731983610508557
2024-02-06,2.0561777515606723,0.7980236201494336
2024-02-07,2.0601720532580705,0.8050132562063147
2024-02-08,2.069048279252289,0.8103157387322246
2024-02-19,2.0610596758574924,0.816823330923114
2024-02-20,2.0601720532580705,0.8197155941190648
2024-02-21,2.0601720532580705,0.8312846469028681
2024-02-22,2.058840619358938,0.8375512171607616
2024-02-23,2.0548463176615392,0.8382742829597494
2024-02-26,2.0641663549554687,0.8298385153048927
2024-02-27,2.061947298456914,0.8397204145577247
2024-02-28,2.061503487157203,0.8310436249698723
2024-02-29,2.0623911097566254,0.8442998312846469
2024-03-01,2.0712673357508433,0.8508074234755362
2024-03-04,2.0970083911340764,0.8500843576765486
2024-03-05,2.125412314315575,0.8570739937334297
2024-03-06,2.140945709805457,0.8536996866714871
2024-03-07,2.1680181990878227,0.849120269944565
2024-03-08,2.1662429538889794,0.8515304892745239
2024-03-11,2.174231557283776,0.8630995420583273
2024-03-12,2.1653553312895575,0.8643046517233067
2024-03-13,2.1613610295921593,0.8592431911303928
2024-03-14,2.1644677086901356,0.8561099060014461
2024-03-15,2.174231557283776,0.8582791033984092
2024-03-18,2.164627215288166,0.8657507833212823
2024-03-19,2.1683707897173954,0.8602072788623765
2024-03-20,2.179789681421948,0.8609303446613642
2024-03-21,2.2143230457256275,0.8604483007953724
2024-03-22,2.192311574867932,0.8529766208724995
2024-03-25,2.184228242229753,0.8483972041455773
2024-03-26,2.188963212355367,0.8510484454085322
2024-03-27,2.2002774257296984,0.8418896119546878
2024-03-28,2.2065363099047186,0.8459869848156182
2024-03-29,2.247238657529845,0.8498433357435526
2024-04-01,2.2541645872513594,0.863822607857315
2024-04-02,2.2528453474212795,0.8609303446613642
2024-04-03,2.2626415833189175,0.8575560375994215
2024-04-08,2.305149595180952,0.8505664015425404
2024-04-09,2.310325885065729,0.849120269944565
2024-04-10,2.3161059227127003,0.8428536996866715
2024-04-11,2.296534202421449,0.8421306338876838
2024-04-12,2.319712896296828,0.8353820197637986
2024-04-15,2.285502705822762,0.8529766208724995
2024-04-16,2.283169068447113,0.8452639190166306
2024-04-17,2.285571300039201,0.856350927934442
2024-04-18,2.276678152682443,0.8577970595324175
2024-04-19,2.277807153778907,0.8510484454085322
2024-04-22,2.2331565804999585,0.8493612918775608
2024-04-23,2.178112233965313,0.8433357435526633
2024-04-24,2.200714956978549,0.8467100506146059
2024-04-25,2.2011335501367113,0.849120269944565
2024-04-26,2.2185058199642556,0.8611713665943601
2024-04-29,2.2047056133829175,0.8715353097131839
2024-04-30,2.204205633333677,0.8671969149192577
2024-05-06,2.2074267982122944,0.8792480115690529
2024-05-07,2.2281648719440796,0.8797300554350446
2024-05-08,2.2289943383543145,0.8727404193781634
2024-05-09,2.22168174214428,0.88117618703302
2024-05-10,2.2509162040986705,0.8816582308990117
2024-05-13,2.2557711481177,0.880935165100024
2024-05-14,2.255137750203276,0.8794890335020487
2024-05-15,2.2663264593257884,0.8732224632441553
2024-05-16,2.2776814877705833,0.876114726440106
2024-05-17,2.2908145880670547,0.8859966256929381
2024-05-20,2.2844085679532053,0.8879248011569053
2024-05-21,2.280403236198962,0.8850325379609545
2024-05-22,2.2922233818554663,0.8869607134249217
2024-05-23,2.285139425981452,0.8780429019040732
2024-05-24,2.2556605842250597,0.8681610026512412
2024-05-27,2.265122372037725,0.8753916606411184
2024-05-28,2.260498761210472,0.8698481561822126
2024-05-29,2.25432354530277,0.8700891781152085
2024-05-30,2.2298259896711152,0.8667148710532658
2024-05-31,2.237419146222645,0.8633405639913232
2024-06-03,2.234029728020023,0.8645456736563027
2024-06-04,2.2502419807313156,0.8705712219812003
2024-06-05,2.2470867520540585,0.8674379368522536
2024-06-06,2.278568943304031,0.8674379368522536
2024-06-07,2.282424573519175,0.8618944323933478
2024-06-11,2.289372948225505,0.8558688840684503
2024-06-12,2.2930087972698017,0.8549047963364667
2024-06-13,2.31361194185415,0.8517715112075198
2024-06-14,2.3063402437655567,0.8565919498674379
2024-06-17,2.294220746951234,0.8541817305374789
2024-06-18,2.3051282940841245,0.8568329718004338
2024-06-19,2.307552193446989,0.8544227524704748
2024-06-20,2.3281553380313373,0.848879248011569
2024-06-21,2.3196716902613113,0.8474331164135936
2024-06-24,2.314823891535582,0.8433357435526633
2024-06-25,2.3111880424912856,0.8382742829597494
2024-06-26,2.3426987342085237,0.8433357435526633
2024-06-27,2.360877979430007,0.8387563268257411
2024-06-28,2.388752822102949,0.8404434803567125
2024-07-01,2.38390502337722,0.8438177874186551
2024-07-02,2.388752822102949,0.8426126777536755
2024-07-03,2.422687413183052,0.8411665461557002
2024-07-04,2.396024520191543,0.8375512171607616
2024-07-05,2.415415715094458,0.8334538442998313
2024-07-08,2.4173886665048494,0.8276693179079296
2024-07-09,2.4098277114063706,0.836587129428778
2024-07-10,2.4160778419410565,0.8346589539648108
2024-07-11,2.42968915631411,0.8457459628826223
2024-07-12,2.4264229593201714,0.8481561822125814
2024-07-15,2.445158157320667,0.8498433357435526
2024-07-16,2.4658121310508236,0.8558688840684503
2024-07-17,2.4962034965654185,0.8570739937334297
2024-07-18,2.4852255247681163,0.8621354543263436
2024-07-19,2.4208479263078386,0.8676789587852495
2024-07-22,2.4120524306125097,0.8606893227283683
2024-07-23,2.413920843558039,0.8438177874186551
2024-07-24,2.4294029336680087,0.8385153048927453
2024-07-25,2.365850618483842,0.8336948662328272
2024-07-26,2.378861341058035,0.8373101952277657
2024-07-29,2.3948571198322472,0.8324897565678477
2024-07-30,2.39708850326061,0.8269462521089419
2024-07-31,2.4163045206037452,0.8455049409496264
2024-08-01,2.435965953538293,0.8394793926247288
2024-08-02,2.4469130792982985,0.8308026030368764
2024-08-05,2.3841283659344885,0.8214027476500362
2024-08-06,2.3682699680711945,0.8214027476500362
2024-08-07,2.378544789310901,0.8197155941190648
2024-08-08,2.3774283477367897,0.8206796818510484
2024-08-09,2.399326753875155,0.8177874186550975
2024-08-12,2.398127090452754,0.816823330923114
2024-08-13,2.398127090452754,0.8180284405880935
2024-08-14,2.398127090452754,0.8122439141961919
2024-08-15,2.398127090452754,0.8214027476500362
2024-08-16,2.398127090452754,0.821884791516028
2024-08-19,2.4229959818352342,0.8240539889129911
2024-08-20,2.4227746159512504,0.8201976379850566
2024-08-21,2.433600016820642,0.8165823089901181
2024-08-22,2.4276356956298053,0.814413111593155
2024-08-23,2.4196835663676595,0.8177874186550975
2024-08-26,2.4305810520399382,0.8180284405880935
2024-08-27,2.422856382612125,0.8139310677271631
2024-08-28,2.420830987779057,0.8091106290672452
2024-08-29,2.4091453777388243,0.8067004097372861
2024-08-30,2.409519983780538,0.8175463967221017
2024-09-02,2.415443527934671,0.8030850807423475
2024-09-03,2.4183161113634304,0.8059773439382983
2024-09-04,2.347733270309543,0.8009158833453844
2024-09-05,2.35990640166933,0.8026030368763558
2024-09-06,2.3646353968183935,0.7958544227524705
2024-09-09,2.3429556874288164,0.7859725234996385
2024-09-10,2.3326867294709905,0.7859725234996385
2024-09-11,2.3442412902271643,0.7842853699686672
2024-09-12,2.3505992419139257,0.7816341287057121
2024-09-13,2.3732724661478253,0.7780187997107737
2024-09-18,2.370997926565745,0.7804290190407327
2024-09-19,2.3671935084272007,0.7869366112316221
2024-09-20,2.393824435397007,0.7891058086285851
2024-09-23,2.4048209513323977,0.7912750060255483
2024-09-24,2.4098982879829265,0.8259821643769583
2024-09-25,2.414283195699657,0.8373101952277657
2024-09-26,2.4276081658809643,0.8773198361050856
2024-09-27,2.4152688324328513,0.9325138587611473
2024-09-30,2.407570567078046,1.0202458423716558
2024-10-08,2.406083512584862,1.0633887683779224
2024-10-09,2.390834961444837,0.9693902145095205
2024-10-10,2.4084758915326594,0.9848156182212582
2024-10-11,2.429935322814535,0.9585442275247047
2024-10-14,2.4487152130904986,0.9737286093034466
2024-10-15,2.485127128495329,0.9474572186068932
2024-10-16,2.4842065332411396,0.9414316702819957
2024-10-17,2.500719602348372,0.9310677271631719
2024-10-18,2.4950947227892057,0.967944082911545
2024-10-21,2.5071431709475163,0.967944082911545
2024-10-22,2.501578032914571,0.9737286093034466
2024-10-23,2.507623653070421,0.9773439382983851
2024-10-24,2.4871836775449636,0.9667389732465654
2024-10-25,2.4899722196739686,0.9737286093034466
2024-10-28,2.509968561027689,0.9751747409014221
2024-10-29,2.5145918505515574,0.9672210171125573
2024-10-30,2.539903332242324,0.9570980959267293
2024-10-31,2.512940279699613,0.9570980959267293
2024-11-01,2.4853574529197613,0.9590262713906965
2024-11-04,2.474306360110928,0.9718004338394794
2024-11-05,2.4719861593702723,0.9971077368040491
2024-11-06,2.5200271120017077,0.9908411665461556
2024-11-07,2.512048577062549,1.0238611713665944
2024-11-08,2.5327933639892883,1.0108459869848156
2024-11-11,2.5542450023171606,1.0159074475777294
2024-11-12,2.5418016643823123,1.004820438659918
2024-11-13,2.5345277417777172,1.0110870089178117
2024-11-14,2.5081462430920323,0.9939744516751023
2024-11-15,2.4767623936595937,0.9773439382983851
2024-11-18,2.477773378235572,0.9732465654374549
2024-11-19,2.4865061099666574,0.9780670040973728
2024-11-20,2.4941675178465896,0.9804772234273318
2024-11-21,2.485970448041081,0.9816823330923115
2024-11-22,2.483305609907154,0.9527597011328031
2024-11-25,2.5151443768205444,0.9474572186068932
2024-11-26,2.5225193875509038,0.945529043142926
2024-11-27,2.523515260482326,0.9609544468546638
2024-11-28,2.517027281061641,0.9539648107977826
2024-11-29,2.5200880411890743,0.9643287539166064
2024-12-02,2.5358682377245727,0.9715594119064834
2024-12-03,2.5681212564544937,0.9725234996384672
2024-12-04,2.5733484607365558,0.9674620390455532
2024-12-05,2.5938866040577224,0.9657748855145818
2024-12-06,2.587001719601817,0.977825982164377
2024-12-09,2.60279412089451,0.9771029163653893
2024-12-10,2.5937921398108257,0.9845745962882623
2024-12-11,2.6086966534822187,0.9821643769583033
2024-12-12,2.627809996630242,0.9922872981441311
2024-12-13,2.628699305660028,0.9689081706435284
2024-12-16,2.6575308612601174,0.9631236442516269
2024-12-17,2.650478057550305,0.9657748855145818
2024-12-18,2.6379555221559468,0.9698722583755122
2024-12-19,2.595976786545138,0.9713183899734876
2024-12-20,2.6001814943503505,0.9684261267775367
2024-12-23,2.6241306381841674,0.9693902145095205
2024-12-24,2.6095037795327323,0.9807182453603278
2024-12-25,2.61649744382193,0.9814413111593155
2024-12-26,2.6188734844543866,0.9816823330923115
2024-12-27,2.6326958872817188,0.980236201494336
2024-12-30,2.615317707623626,0.9848156182212582
2024-12-31,2.6131851894523184,0.9693902145095205
2025-01-02,2.634902991201526,0.9421547360809833
2025-01-03,2.6481262855476313,0.9325138587611473
2025-01-06,2.6793001347944103,0.9286575078332129
2025-01-07,2.646458268349481,0.9351651000241021
2025-01-08,2.6338971396836963,0.9337189684261268
2025-01-09,2.6130202971473615,0.9317907929621596
2025-01-10,2.6331537480392484,0.9214268498433358
2025-01-13,2.659026821275495,0.9178115208483971
2025-01-14,2.646692419425878,0.9414316702819957
2025-01-15,2.6629691705030054,0.9358881658230899
2025-01-16,2.6640622203409916,0.9363702096890817
2025-01-17,2.675248817582254,0.9395034948180284
2025-01-20,2.681135066136364,0.9440829115449505
2025-01-21,2.691186380297663,0.9452880212099302
2025-01-22,2.7054101245860354,0.9366112316220776
2025-01-23,2.704675061605975,0.9392624728850325
2025-01-24,2.716436597887464,0.9469751747409014
2025-01-27,2.705977078394309,0.9416726922149916
2025-02-05,2.81096027029686,0.9368522535550735
2025-02-06,2.793313359298865,0.9476982405398892
2025-02-07,2.7978067384629877,0.9611954687876597
2025-02-10,2.826162782327612,0.9621595565196432
2025-02-11,2.8472127441598696,0.9583032055917088
2025-02-12,2.8217645459216802,0.9674620390455532
2025-02-13,2.828367048551336,0.9650518197155941
2025-02-14,2.850032887620676,0.9722824777054712
2025-02-17,2.806335501907542,0.9739696312364426
2025-02-18,2.826708717676918,0.9669799951795612
2025-02-19,2.8532877513888506,0.9720414557724754
2025-02-20,2.8658571242160997,0.9691491925765244
2025-02-21,2.8548547494369214,0.9821643769583033
2025-02-24,2.8482846006187055,0.9790310918293565
2025-02-25,2.850838120038171,0.9691491925765244
2025-02-26,2.8243641758462545,0.9771029163653893
2025-02-27,2.8309447598460147,0.980236201494336
2025-02-28,2.8131244280413394,0.9626416003856352
2025-03-03,2.8362833673702394,0.9595083152566883
2025-03-04,2.8421098445447766,0.9585442275247047
2025-03-05,2.8330551481767055,0.9626416003856352
2025-03-06,2.8324051380687516,0.9758978067004098
2025-03-07,2.828608535903983,0.9734875873704506
2025-03-10,2.868353288009198,0.9696312364425161
2025-03-11,2.7919599592330746,0.9725234996384672
2025-03-12,2.7746633564913106,0.9701132803085082
2025-03-13,2.810697945536652,0.96529284164859
2025-03-14,2.8337600825256706,0.9896360568811762
2025-03-17,2.8322050584359233,0.9867437936852255
2025-03-18,2.8541648570770417,0.9889129910821884
2025-03-19,2.8842184072979977,0.9903591226801639
2025-03-20,2.8889152512747787,0.982405398891299
2025-03-21,2.8737753638623507,0.9664979513135695
2025-03-24,2.876118660643474,0.9705953241744999
2025-03-25,2.8735605358163445,0.9710773680404916
2025-03-26,2.882728120561749,0.9672210171125573
2025-03-27,2.8897619930548344,0.9705953241744999
2025-03-28,2.943696762275013,0.9660159074475777
2025-03-31,2.9735338071064685,0.9602313810556761
2025-04-01,2.994648262570678,0.9597493371896844
2025-04-02,2.9827085556315738,0.9590262713906965
2025-04-03,3.0093511168279696,0.9542058327307785
2025-04-07,2.916832424042447,0.8905760424198602
2025-04-08,2.9349424834919153,0.8990118100747168
2025-04-09,2.969680326437399,0.9076885996625693
2025-04-10,3.038125445139239,0.9228729814413112
2025-04-11,3.084169803724702,0.925524222704266
2025-04-14,3.0994149245632885,0.9274523981682333
2025-04-15,3.1010222005229537,0.9281754639672211
2025-04-16,3.145444078716769,0.9303446613641841
2025-04-17,3.1537360503539373,0.9310677271631719
2025-04-18,3.159214935043438,0.9334779464931309
2025-04-21,3.172949446796388,0.9339599903591227
2025-04-22,3.2424194798560464,0.9346830561581104
2025-04-23,3.2305752810575674,0.9356471438900941
2025-04-24,3.2325957474527156,0.9356471438900941
2025-04-25,3.2290948248247364,0.9356471438900941
2025-04-28,3.193622970438885,0.9342010122921186
2025-04-29,3.201975847675639,0.9325138587611473
2025-04-30,3.1833202622054984,0.9317907929621596
2025-05-06,3.227891044127161,0.940708604483008
2025-05-07,3.2465656427127167,0.9464931308749096
2025-05-08,3.2115199596158055,0.9520366353338154
2025-05-09,3.202179455069137,0.9508315256688358
2025-05-12,3.1596575189344938,0.9616775126536515
2025-05-13,3.1512479523032004,0.9626416003856352
2025-05-14,3.148465270076964,0.9749337189684261
2025-05-15,3.074217070817411,0.9667389732465654
2025-05-16,3.1157752380253463,0.9614364907206555
2025-05-19,3.1041858552032746,0.9599903591226802
2025-05-20,3.133587416144881,0.9648107977825983
2025-05-21,3.110375657506771,0.9686671487105327
2025-05-22,3.077879195413417,0.9681851048445409
2025-05-23,3.0732368436857946,0.9611954687876597
2025-05-26,3.080974096565165,0.9561340081947457
2025-05-27,3.090258800020409,0.9510725476018318
2025-05-28,3.1134705586585194,0.9501084598698482
2025-05-29,3.1444195701759994,0.9558929862617499
2025-05-30,3.1010909540515272,0.9542058327307785
2025-06-03,3.090424018662129,0.9537237888647867
2025-06-04,3.1039443259805934,0.9578211617257171
2025-06-05,3.1104876169902242,0.9602313810556761
2025-06-06,3.1410910603168096,0.9607134249216679
2025-06-09,3.1182397305410112,0.962882622318631
2025-06-10,3.1208270461263936,0.9573391178597253
2025-06-11,3.1314135065936783,0.9650518197155941
2025-06-12,3.150212735487407,0.965533863581586
2025-06-13,3.171284452504374,0.9592672933236924
2025-06-16,3.1644612444708993,0.9616775126536515
2025-06-17,3.157224780618699,0.9614364907206555
2025-06-18,3.152876399441194,0.9409496264160039
2025-06-19,3.147825951530348,0.9334779464931309
2025-06-20,3.1352015819258696,0.9346830561581104
2025-06-23,3.122941475016576,0.9378163412870572
2025-06-24,3.1263799730012254,0.9486623282718727
2025-06-25,3.1124246890659832,0.9643287539166064
2025-06-26,3.1046011289477806,0.9607134249216679
2025-06-27,3.117513508888993,0.9551699204627622
2025-06-30,3.1154755779957077,0.9597493371896844
2025-07-01,3.117392722517867,0.9611954687876597
2025-07-02,3.125654401574302,0.9621595565196432
2025-07-03,3.130366142706547,0.967703060978549
2025-07-04,3.1343238608910315,0.9718004338394794
2025-07-07,3.127837827260035,0.9674620390455532
2025-07-08,3.128754406626973,0.9756567847674138
2025-07-09,3.1171097892190596,0.9749337189684261
2025-07-10,3.1315041447277876,0.9797541576283443
2025-07-11,3.1283090964785156,0.9831284646902867
2025-07-14,3.1060660238444897,0.982887442757291
2025-07-15,3.147389606236203,0.982887442757291
2025-07-16,3.1259243157208947,0.9807182453603278
2025-07-17,3.149214735559953,0.9886719691491926
2025-07-18,3.1694202444248725,0.9959026271390695
2025-07-21,3.172173458715698,1.0019281754639673
2025-07-22,3.1770290230186564,1.012533140515787
2025-07-23,3.1837874004233266,1.012051096649795
2025-07-24,3.1614987342902925,1.0183176669076885
2025-07-25,3.163889302461291,1.0130151843817787
2025-07-28,3.172288394487751,1.0156664256447339
2025-07-29,3.168589606506342,1.0207278862376477
2025-07-30,3.1782511037492287,1.02000482043866
2025-07-31,3.194334148892606,1.0014461315979755
2025-08-01,3.1679707955331384,0.9961436490720655
2025-08-04,3.1501220301830677,1.0007230657989878
2025-08-05,3.186292445524491,1.0081947457218607
2025-08-06,3.1785717656948447,1.0108459869848156
2025-08-07,3.1892866866906537,1.0106049650518196
2025-08-08,3.1990812758977984,1.0081947457218607
2025-08-11,3.2053836193047958,1.012774162448783
2025-08-12,3.2109690275662026,1.0190407327066762
2025-08-13,3.2567313227714942,1.027476500361533
2025-08-14,3.2500920258280113,1.0257893468305617
2025-08-15,3.2526285627502145,1.0351892022174018
2025-08-18,3.2486844502548116,1.0429019040732705
2025-08-19,3.2473424261408175,1.0375994215473607
2025-08-20,3.2295869702505335,1.0518197155941191
2025-08-21,3.2115973637091253,1.0551940226560617
2025-08-22,3.186910951021839,1.0795372378886479
2025-08-25,3.2259538783472546,1.1002651241262955
2025-08-26,3.207503290625547,1.0944805977343939
2025-08-27,3.2212994968101514,1.0785731501566642
2025-08-28,3.2110567278796203,1.09881899252832
2025-08-29,3.214446212792611,1.108941913714148
2025-09-01,3.2094350431283747,1.1125572427090864
2025-09-02,3.202770993757602,1.106290672451193
2025-09-03,3.214435539417771,1.0964087731983612
2025-09-04,3.2004272745388125,1.0739937334297422
2025-09-05,3.2243628147164487,1.0976138828633406
2025-09-08,3.2513262590954337,1.0978549047963364
2025-09-09,3.300872907208227,1.091347312605447
2025-09-10,3.2933788875203227,1.0937575319354063
2025-09-11,3.282969496545621,1.1231622077609063
2025-09-12,3.295043027208912,1.113762352374066
2025-09-15,3.2909344332994785,1.1156905278380331
2025-09-16,3.3244924634646367,1.1135213304410703
2025-09-17,3.3012875709179257,1.1214750542299348
2025-09-18,3.2741684050517774,1.1072547601831768
2025-09-19,3.289504177064333,1.1096649795131357
2025-09-22,3.413544732718814,1.1132803085080742
2025-09-23,3.456953083323416,1.1140033743070619
2025-09-24,3.4653437285186977,1.123885273559894
2025-09-25,3.447925081340636,1.1315979754157628
2025-09-26,3.447269822597836,1.1209930103639432
2025-09-29,3.486731663584772,1.1395516992046275
2025-09-30,3.521445945699367,1.1426849843335742
2025-10-09,3.6591429008916876,1.160761629308267
2025-10-10,3.644075348041771,1.1373825018076646
2025-10-13,3.653376166575797,1.1308749096167752
2025-10-14,3.64748600163289,1.1195468787659677
2025-10-15,3.7045540616115042,1.134249216678718
2025-10-16,3.7194888380967392,1.1378645456736562
2025-10-17,3.7466446181400266,1.1144854181730537
2025-10-20,3.846580632694622,1.118341769100988
2025-10-21,3.864675906895048,1.1352133044107013
2025-10-22,3.8936576989196214,1.1315979754157628
2025-10-23,3.8971428515760516,1.1359363702096892
2025-10-24,3.922758716475903,1.1496746203904553
2025-10-27,3.9404128567633694,1.163171848638226
2025-10-28,3.8449867970915896,1.1573873222463242
2025-10-29,3.897986790751396,1.1718486382260787
2025-10-30,3.8910716623543316,1.1624487828392385
2025-10-31,3.9179334946809052,1.146300313328513
2025-11-03,3.92665186370503,1.1479874668594843
2025-11-04,3.8620753648443706,1.1397927211376235
2025-11-05,3.8263786226484395,1.141238852735599
2025-11-06,3.8567732033943964,1.158110388045312
2025-11-07,3.8458945125564354,1.155700168715353
2025-11-10,3.8780318569530574,1.1585924319113041
2025-11-11,3.8812893341144483,1.1479874668594843
2025-11-12,3.906743515997229,1.1484695107254759
2025-11-13,3.923158921800284,1.1597975415762836
2025-11-14,3.894359731055974,1.1426849843335742
2025-11-17,3.8625020178396716,1.1352133044107013
2025-11-18,3.8483918709721676,1.1287057122198119
2025-11-19,3.7973656558110163,1.1320800192817546
2025-11-20,3.8559890922437186,1.1270185586888408
2025-11-21,3.7953712084811717,1.1000241021932995
2025-11-24,3.823676226274709,1.0983369486623284
2025-11-25,3.865052179774769,1.1079778259821644
2025-11-26,3.8579364228934905,1.1149674620390457
2025-11-27,3.8775410420363414,1.1140033743070619
2025-11-28,3.8900113654266524,1.1171366594360086
2025-12-01,3.869549351076435,1.1296697999517957
2025-12-02,3.8547324518902033,1.1246083393588817
2025-12-03,3.8506273819271124,1.1195468787659677
2025-12-04,3.838532285229322,1.1224391419619186
2025-12-05,3.8494263481931306,1.1323210412147506
2025-12-08,3.8371037913890436,1.1405157869366114
2025-12-09,3.8065192954766482,1.1347312605447095
2025-12-10,3.8311577317326693,1.133285128946734
2025-12-11,3.8305582545157617,1.1250903832248735
2025-12-12,3.8744451491035026,1.131356953482767
2025-12-15,3.89923266450818,1.1248493612918775
2025-12-16,3.8487289989483604,1.1135213304410703
2025-12-17,3.885002629509982,1.1325620631477464
2025-12-18,3.8747527327942874,1.1250903832248735
2025-12-19,3.8962147646499647,1.1299108218847915
2025-12-22,3.9528186297730348,1.1400337430706196
2025-12-23,3.9865028652741406,1.1424439624005784
2025-12-24,3.9913443541029534,1.1465413352615088
2025-12-25,3.971372879355288,1.148710532658472
2025-12-26,3.9960620397010045,1.153048927452398
2025-12-29,3.9574529603821715,1.1479874668594843
2025-12-30,3.8773002628380424,1.1503976861894432
2025-12-31,3.8494868549897525,1.1455772475295252
2026-01-05,3.931402731393408,1.1675102434321525
2026-01-06,3.9667545486087135,1.185586888406845
2026-01-07,3.9416836902748784,1.1812484936129186
2026-01-08,3.9378912448589216,1.1720896601590747
2026-01-09,3.970739344278086,1.1773921426849843
2026-01-12,3.999714422686234,1.1841407568088698
2026-01-13,4.004916153033088,1.1800433839479392
2026-01-14,4.025880920062044,1.172812725958062
2026-01-15,4.013465319503394,1.1749819233550254
2026-01-16,4.0021557690845135,1.1711255724270908
2026-01-19,4.03715746232742,1.1419619185345868
2026-01-20,4.051436318546951,1.138587611472644
2026-01-21,4.116009629338061,1.1400337430706196
2026-01-22,4.121376962465448,1.1393106772716317
2026-01-23,4.1775038176654125,1.1337671728127259
2026-01-26,4.292309511093904,1.1356953482766932
2026-01-27,4.299410717096294,1.1352133044107013
2026-01-28,4.435941828428119,1.13882863340564
2026-01-29,4.48508805030504,1.1491925765244637
2026-01-30,4.424810610106815,1.1354543263436974
2026-02-02,4.191599131375994,1.108700891781152
2026-02-03,4.289580854058226,1.1241262954928897
2026-02-04,4.384990582437507,1.1344902386117137
2026-02-05,4.319714455307038,1.1277416244878284
2026-02-06,4.288688113866832,1.1205109664979513
2026-02-09,4.363069052305681,1.1393106772716317
2026-02-10,4.341606926792701,1.140756808869607
2026-02-11,4.371414742276334,1.138346589539648
2026-02-12,4.367145877987633,1.1393106772716317
2026-02-13,4.349730862074981,1.1258134490238612
2026-02-24,4.416667818405016,1.1366594360086768
2026-02-25,4.437263962900095,1.1448541817305375
2026-02-26,4.422420758185349,1.141238852735599
2026-02-27,4.453061438627209,1.13882863340564
2026-03-02,4.523262108819416,1.1422029404675824
2026-03-03,4.593402300689696,1.1275006025548324
2026-03-04,4.638640241725998,1.1111111111111112
2026-03-05,4.572109287760729,1.1217160761629308
2026-03-06,4.663523394149724,1.1248493612918775
2026-03-09,4.819344678205036,1.1156905278380331
2026-03-10,4.729651154135482,1.1287057122198119
2026-03-11,4.836934719548742,1.1354543263436974
2026-03-12,4.878655450612483,1.131356953482767
2026-03-13,4.953899080919056,1.1272595806218364
2026-03-16,4.904805793300062,1.1279826464208242
2026-03-17,4.894014140557941,1.1197879006989635
2026-03-18,4.861092068061774,1.123644251626898
2026-03-19,4.657395277381529,1.1084598698481563
2026-03-20,4.608207764491944,1.1029163653892504
2026-03-23,4.530930807593198,1.0677271631718486
2026-03-24,4.588491689053415,1.0795372378886479
2026-03-25,4.540963266277244,1.0952036635333815
2026-03-26,4.542593304632809,1.0817064352856112
2026-03-27,4.500748472209457,1.086526873945529
2026-03-30,4.525534527320446,1.0845986984815619
2026-03-31,4.387754787612797,1.0756808869607135
2026-04-01,4.326283826820155,1.0927934442034224
2026-04-02,4.406831982341551,1.081947457218607
2026-04-03,4.362318527974463,1.0735116895637502
2026-04-07,4.308746814226331,1.071583514099783
2026-04-08,4.341554531085922,1.1091829356471439
2026-04-09,4.308746814226331,1.1019522776572668
2026-04-10,4.303278861416399,1.11882381296698
2026-04-13,4.299021284384257,1.121234032296939
2026-04-14,4.36271172145539,1.1356953482766932
2026-04-15,4.428607378833408,1.131356953482767
2026-04-16,4.498542114788018,1.143890093998554
2026-04-17,4.4767049597153425,1.1422029404675824
2026-04-20,4.469043445079498,1.1484695107254759
2026-04-21,4.4635841824082,1.1484695107254759
